[
  {
    "key": "1",
    "name": "Apocalypse",
    "class": "Battleship",
    "icon": "",
    "stats": {
      "hit": 12,
      "speed": 15,
      "turn": 45,
      "shield": 4,
      "armour_front": 6,
      "armour_side": 5,
      "armour_back": 5,
      "turrets": 4,
      "cost": 365
    }
  },
  {
    "key": "2",
    "name": "Emperor",
    "class": "Battleship",
    "icon": "",
    "stats": {
      "hit": 12,
      "speed": 15,
      "turn": 45,
      "shield": 4,
      "armour_front": 5,
      "armour_side": 5,
      "armour_back": 5,
      "turrets": 5,
      "cost": 365
    }
  }
]