[
  {
    "id": 1,
    "name": "arvelander",
    "icon": "icon-human.png",
    "units": {
      "heroes": [
        {
          "id": 1,
          "name": "Captain",
          "icon": "icon-human.png",
          "description": "The Captain of a mercenary warband is\ntypically a middleaged veteran soldier of the\nImperial army, most likely he was a sergeant\nor other petty officer. The survival of a\nmercenary warband relies more on the wit\nand experience of its captain, than on how\ngood a fighter he is. It’s all too common that\nan inexperienced captain will lead his men\ninto an ambush, or lead them on a long\njourney with no food or supplies. Being a\nsuccessful captain means that your men will\nfollow you to hell and back, and plenty of\ngold crowns and feasting. A captain that fails\nin his duty to keep his men alive and well fed\nwill at best find himself deserted and worst\nend up with a knife in his back.",
          "cost": 60,
          "startingExp": 0,
          "minLimit": 1,
          "maxLimit": 1,
          "profil": [
            4,
            4,
            4,
            3,
            3,
            1,
            4,
            1,
            8
          ],
          "equipWeapon": true,
          "equipArmor": true,
          "rules": [
            {
              "name": "Leader",
              "effect": "Any Warrior within 6 may use his Leadership when taking Ld tests"
            }
          ]
        },
        {
          "id": 2,
          "name": "Sergeant",
          "icon": "icon-human.png",
          "description": "Some captains are merchants or nobles that\nare looking for a chance at making some extra\nmoney. The brighter captains hire the service\nof a veteran as his sergeant, and leave all the\npractical decision to him. A veteran can be\nrecognised by his many battle-scars and the\ncynicism that marks a soldier of the army.",
          "startingExp": 0,
          "cost": 35,
          "minLimit": 0,
          "maxLimit": 1,
          "profil": [
            4,
            4,
            3,
            3,
            3,
            1,
            3,
            1,
            7
          ],
          "equipWeapon": true,
          "equipArmor": true,
          "rules": []
        },
        {
          "id": 3,
          "name": "Bergjaeger",
          "icon": "icon-human.png",
          "description": "The Bergjaeger are trappers and rangers from\nthe mountains that surround the Black Fire\npass. They are experts at moving silently\nthrough terrain and are used as scouts. In\naddition they make good use of animal traps\nto delay or divide a group of enemies.\nBergjager are not professional soldiers and rely more on stealth and cunning than a\nstrong sword-arm to survive",
          "startingExp": 0,
          "cost": 35,
          "minLimit": 0,
          "maxLimit": 2,
          "profil": [
            4,
            2,
            4,
            3,
            3,
            1,
            3,
            1,
            7
          ],
          "equipWeapon": true,
          "equipArmor": true,
          "rules": [
            {
              "name": "Set traps",
              "effect": "Bergjaeger are expert trappers and\nhunters and these skills can be put to great\nuse in the ruins of Mordheim. A Bergjaeger\nmay set a trap if he spends a turn doing\nnothing else (he may not set traps if he’s just\nrecovered from being Knocked Down). Place a\nmarker in base contact with the Bergjager.\nWhen a model, friend or foe, moves within 2\"\nof the marker he risks setting off the trap –\nroll a D6. On a score of 3+ he has triggered\nthe trap and suffers a S4 hit (note that the\nBergjager won’t trigger his own traps). If the\ntrap did not wound the model or it didn’t\ntrigger, the ‘victim’ may finish his move\notherwise he is placed knocked Down or\nStunned 2\" from the marker. Regardless\nwhether the trap was triggered or not, the\nmarker is removed."
            }
          ]
        },
        {
          "id": 4,
          "name": "Young Blood",
          "icon": "icon-human.png",
          "description": "Although Empire armies are comprised of\nmature men there are plenty of jobs for\nyouths as there is always a demand for extra\nhelp in the kitchens or as fetchers. Some of\nthese youths actually join a band of\nmercenaries or regiment in pursuit of a\nromantic dream of fame and adventure. Some\nare herdsmen who hoped to find an easier\nway of filling their belly than the hard and\nuncertain business of looking after animals,\nnot to mention that its quite dull! ",
          "startingExp": 0,
          "cost": 15,
          "minLimit": 0,
          "maxLimit": 1,
          "profil": [
            4,
            2,
            2,
            3,
            3,
            1,
            3,
            1,
            6
          ],
          "equipWeapon": true,
          "equipArmor": true,
          "rules": [
            {
              "name": "Set traps",
              "effect": "Bergjaeger are expert trappers and\nhunters and these skills can be put to great\nuse in the ruins of Mordheim. A Bergjaeger\nmay set a trap if he spends a turn doing\nnothing else (he may not set traps if he’s just\nrecovered from being Knocked Down). Place a\nmarker in base contact with the Bergjager.\nWhen a model, friend or foe, moves within 2\"\nof the marker he risks setting off the trap –\nroll a D6. On a score of 3+ he has triggered\nthe trap and suffers a S4 hit (note that the\nBergjager won’t trigger his own traps). If the\ntrap did not wound the model or it didn’t\ntrigger, the ‘victim’ may finish his move\notherwise he is placed knocked Down or\nStunned 2\" from the marker. Regardless\nwhether the trap was triggered or not, the\nmarker is removed."
            }
          ]
        }
      ],
      "henchmen": [
        {
          "id": 1,
          "name": "Mountainguard",
          "icon": "icon-human.png",
          "description": "The Mountainguard is the famous garrison of\nthe Black Fire Pass that has repelled countless\ngreenskin invasion attempts. Their traditional\nuniform is yellow and black and it’s a merit in\nthe Averland armey to have served a few years\nat the mountain-pass. The Mountain guard\ntrain both with the traditional Imperial\nweapons, the halberd and the sword, and with\nthe crossbow and bow. Veterans are often\nemployed by mercenary warbands who know\nthat their presence will certainly boost their\nchances in the battles to come. Some of these\nveterans advance to become sergeants or even\ncaptains themselves. There are a few\nwarbands that consists solely of\nMountainguard veterans, often from the same\nregiment or the survivors of a great battle.",
          "startingExp": 0,
          "cost": 30,
          "minLimit": 0,
          "maxLimit": 99,
          "profil": [
            4,
            4,
            3,
            3,
            3,
            1,
            3,
            1,
            7
          ],
          "equipWeapon": true,
          "equipArmor": true,
          "rules": []
        },
        {
          "id": 2,
          "name": "Marksmen",
          "icon": "icon-human.png",
          "description": "Being a Marksmen is not as simple as picking\nup a bow and try to hit your enemies. A\nMarksman has to train for years to master his\nchosen weapon, Imperial enlisters often visit\narchery competitions to try and enlist a\ncouple of expert archers. Some Marksmen are\ntrained with black powder weapons instead of\nthe traditional bow or crossbow. Marksmen\noften own their own weapons, as the cost of a\nhandgun is as high as hiring the Marksman\nhimself! Thus the Marksmen are not forced to do as much labor as the militia",
          "cost": 25,
          "startingExp": 0,
          "minLimit": 0,
          "maxLimit": 99,
          "profil": [
            4,
            3,
            3,
            3,
            3,
            1,
            3,
            1,
            7
          ],
          "equipWeapon": true,
          "equipArmor": true,
          "rules": [
            {
              "name": "Leader",
              "effect": "Any Warrior within 6 may use his Leadership when taking Ld tests"
            },
            {
              "name": "Halflings Scouts",
              "description": "Averland is neighbour to the Moot, the\nHalfling province. In 1707 the Orc Warlord\nGorbad Ironclaw invaded through the Black\nFire pass and the Moot was devastated. Ever\nsince then the Moot urge their gamekeepers\nto serve at least a few years in the garrison\nthat guard the pass. If another warlord tries to\ninvade the Moot, they will meet the fierce\nresistance of the Halflings in the mountain\nPass.",
              "cost": 20,
              "startingExp": 0,
              "minLimit": 0,
              "maxLimit": 3,
              "profil": [
                4,
                2,
                4,
                2,
                2,
                1,
                4,
                1,
                8
              ],
              "equipWeapon": true,
              "equipArmor": true,
              "rules": [
                {
                  "name": "Promotion",
                  "effect": " A Halfling that is promoted to\nhero through the “The lad’s got talent”\nadvance may not choose Strength skills as one\nof his two skill lists. Halflings are not known\nfor their great strength"
                }
              ]
            }
          ]
        }
      ]
    }
  },
  {
    "id": 2,
    "name": "beastmen",
    "icon": "icon-beast.png",
    "content": {
      "heroes": [
        {
          "id": 1,
          "name": "Beastmen Chieftain",
          "icon": "icon-beast.png",
          "description": "Beastmen chieftains have gained their position\nthrough sheer brutality. He leads the Beastmen\nto Mordheim to gather the Chaos Stones to his\nHerdstone",
          "cost": 65,
          "limit": 1,
          "profil": [5,4,3,4,4,1,4,1,7],
          "equipWeapon": true,
          "equipArmor": true,
          "rules": [{
            "name": "Leader",
            "effect": "Any Warrior within 6 of the Beastman Chieftain may use his Leadership when taking Ld tests"
          }]
        },
        {
          "id": 2,
          "name": "Beastmen Shaman",
          "icon": "icon-beast.png",
          "description": "Beastmen Shamans are prophets of the Dark\nGods, and the most respected of all the\nBeastmen",
          "cost": 45,
          "limit": 1,
          "profil": [5,4,3,3,4,1,3,1,6],
          "equipWeapon": true,
          "equipArmor": false,
          "rules": [{
            "name": "Wizard",
            "effect": "A Beastmen Shaman is a Wizard\nand may use Chaos Rituals, as detailed\nin the Magic section"
          }]
        },
        {
          "id": 3,
          "name": "Beastmen Shaman",
          "icon": "icon-beast.png",
          "description": "Beastmen Shamans are prophets of the Dark\nGods, and the most respected of all the\nBeastmen",
          "cost": 45,
          "limit": 1,
          "profil": [5,4,3,3,4,1,3,1,6],
          "equipWeapon": true,
          "equipArmor": false,
          "rules": [{
            "name": "Wizard",
            "effect": "A Beastmen Shaman is a Wizard\nand may use Chaos Rituals, as detailed\nin the Magic section"
          }]
        }
      ],
      "henchmen": []
    }
  }
]
