[
  {
    "id": 1,
    "name": "Empire of Sonnstahl",
    "icon": "sonnstahl.png",
    "background": "sonnhalt_background.jpg",
    "color": "#df8c1d",
    "race": "Humain",
    "skills": [{
      "name": "",
      "effect": ""
    }],
    "archetype": [{
      "id": 1,
      "name": "League of Cogs",
      "Rule": ["Start the campaign with an additional 100 pts (normally 600 pts).",
        "Sergeants and Youngbloods gain Weapon Proficiency for Crossbows, Bows and Longbows."],
      "minModels": 4,
      "maxModels": 15,
      "groups": [{
        "id": 1,
        "min": 0,
        "max": 2
      }],
      "units": [{
        "id": 1,
        "limit": 1,
        "group": null
      }]
    }],
    "units": [
        {
          "id": 1,
          "type": "heroes",
          "name": "Marshal",
          "height": "standard",
          "icon": "5.png",
          "description": "The Captain of a mercenary warband is\ntypically a middleaged veteran soldier of the\nImperial army, most likely he was a sergeant\nor other petty officer. The survival of a\nmercenary warband relies more on the wit\nand experience of its captain, than on how\ngood a fighter he is. It’s all too common that\nan inexperienced captain will lead his men\ninto an ambush, or lead them on a long\njourney with no food or supplies. Being a\nsuccessful captain means that your men will\nfollow you to hell and back, and plenty of\ngold crowns and feasting. A captain that fails\nin his duty to keep his men alive and well fed\nwill at best find himself deserted and worst\nend up with a knife in his back.",
          "cost": 60,
          "startingExp": 0,
          "minLimit": 1,
          "maxLimit": 1,
          "profils": [
            [
            4,8,8,5,3,8],
            [6,4,3,0],
            [1,4,3,0,4,3]
          ],
          "skills": [1,2],
          "armourProficiency": [1,2,3,4],
          "weaponHthProficiency": [1,2],
          "weaponMissileProficiency": [26],
          "miscellaneaousProficiency": [],
          "rules": []
        },
      {
        "id": 2,
        "type": "heroes",
        "name": "Artificer",
        "height": "standard",
        "icon": "2.png",
        "description": "The Captain of a mercenary warband is\ntypically a middleaged veteran soldier of the\nImperial army, most likely he was a sergeant\nor other petty officer. The survival of a\nmercenary warband relies more on the wit\nand experience of its captain, than on how\ngood a fighter he is. It’s all too common that\nan inexperienced captain will lead his men\ninto an ambush, or lead them on a long\njourney with no food or supplies. Being a\nsuccessful captain means that your men will\nfollow you to hell and back, and plenty of\ngold crowns and feasting. A captain that fails\nin his duty to keep his men alive and well fed\nwill at best find himself deserted and worst\nend up with a knife in his back.",
        "cost": 50,
        "startingExp": 0,
        "minLimit": 1,
        "maxLimit": 1,
        "profils": [
          [4,8,7,5,3,4],
          [6,3,3,0],
          [1,3,3,0,3,3]
        ],
        "skills": [1,2],
        "armourProficiency": [1,2,3,5],
        "weaponHthProficiency": [1,3,4],
        "weaponMissileProficiency": [26],
        "miscellaneaousProficiency": [],
        "rules": []
      },
      {
        "id": 3,
        "type": "heroes",
        "name": "Wizard",
        "height": "standard",
        "icon": "1.png",
        "description": "Spooky !",
        "cost": 45,
        "startingExp": 0,
        "minLimit": 1,
        "maxLimit": 1,
        "profils": [
          [4,8,7,5,3,4],
          [6,3,3,0],
          [1,3,3,0,3,0]
        ],
        "skills": [1,2],
        "armourProficiency": [2,3],
        "weaponHthProficiency": [1],
        "weaponMissileProficiency": [26],
        "miscellaneaousProficiency": [],
        "rules": []
      }, {
        "id": 4,
        "type": "heroes",
        "name": "Inquisitor",
        "height": "standard",
        "icon": "4.png",
        "description": "",
        "cost": 60,
        "startingExp": 0,
        "minLimit": 1,
        "maxLimit": 1,
        "profils": [
          [4,8,8,5,3,8],
          [6,4,3,0],
          [1,4,3,0,4,2]
        ],
        "skills": [1,2],
        "armourProficiency": [1,2,3,4],
        "weaponHthProficiency": [1,2],
        "weaponMissileProficiency": [26],
        "miscellaneaousProficiency": [],
        "rules": []
      }, {
        "id": 5,
        "type": "heroes",
        "name": "Prelate",
        "height": "standard",
        "icon": "3.png",
        "description": "",
        "cost": 40,
        "startingExp": 0,
        "minLimit": 1,
        "maxLimit": 1,
        "profils": [
          [4,8,8,5,3,8],
          [6,4,3,0],
          [1,4,3,0,4,2]
        ],
        "skills": [1,2],
        "armourProficiency": [1,2,3,4],
        "weaponHthProficiency": [1,2],
        "weaponMissileProficiency": [26],
        "miscellaneaousProficiency": [],
        "rules": []
      }
    ]
  },
  {
    "id": 2,
    "name": "Beast Herds",
    "icon": "beast.png",
    "background": "beast_background.jpg",
    "race": "Beast",
    "color": "#4d3516",
    "skills": [
      {
        "name": "",
        "effect": ""
      }
    ],
    "units": []
  },
  {
    "id": 3,
    "name": "Daemon Legions",
    "icon": "daemon.png",
    "background": "daemon_background.jpg",
    "color": "#b91e92",
    "race": "Daemon",
    "skills": [
      {
        "name": "",
        "effect": ""
      }
    ],
    "units": []
  },
  {
    "id": 4,
    "name": "Dread Elves",
    "icon": "dread.png",
    "color": "#6f2b95",
    "background": "dread_background.jpg",
    "race": "Elves",
    "skills": [
      {
        "name": "",
        "effect": ""
      }
    ],
    "units": []
  },
  {
    "id": 5,
    "name": "Dwarven Holds",
    "icon": "dwarven.png",
    "color": "#b19e3c",
    "background": "dwarven_background.jpg",
    "race": "Dwarves",
    "skills": [
      {
        "name": "",
        "effect": ""
      }
    ],
    "units": []
  },
  {
    "id": 7,
    "name": "Highborn Elves",
    "icon": "highelves.png",
    "color": "#3c8bb1",
    "background": "high_background.jpg",
    "race": "Elves",
    "skills": [
      {
        "name": "",
        "effect": ""
      }
    ],
    "units": []
  },  {
    "id": 8,
    "name": "Infernal Dwarves",
    "icon": "infernal.png",
    "color": "#b13c3c",
    "background": "infernal_background.jpg",
    "race": "Humain",
    "skills": [
      {
        "name": "",
        "effect": ""
      }
    ],
    "units": []
  },  {
    "id": 9,
    "name": "Kingdom of Equitaine",
    "icon": "equitaine.png",
    "color": "#2ecca7",
    "background": "equitaine_background.jpg",
    "race": "Humain",
    "skills": [
      {
        "name": "",
        "effect": ""
      }
    ],
    "units": []
  },  {
    "id": 10,
    "name": "Ogre Khans",
    "icon": "ogre.png",
    "color": "#c67f5d",
    "background": "ogre_background.jpg",
    "race": "Humain",
    "skills": [
      {
        "name": "",
        "effect": ""
      }
    ],
    "units": []
  },  {
    "id": 11,
    "name": "Orcs and Goblins",
    "background": "orc_background.jpg",
    "icon": "orc.png",
    "color": "#257b23",
    "race": "Humain",
    "skills": [
      {
        "name": "",
        "effect": ""
      }
    ],
    "units": []
  },  {
    "id": 12,
    "name": "Saurian Ancients",
    "icon": "saurian.png",
    "color": "#525ea2",
    "background": "saurian_background.jpg",
    "race": "Humain",
    "skills": [
      {
        "name": "",
        "effect": ""
      }
    ],
    "units": []
  },  {
    "id": 13,
    "name": "Sylvan Elves",
    "icon": "sylvan.png",
    "color": "#03b147",
    "background": "sylvan_background.jpg",
    "race": "Humain",
    "skills": [
      {
        "name": "",
        "effect": ""
      }
    ],
    "units": []
  },  {
    "id": 14,
    "name": "Undying Dynasties",
    "icon": "undying.png",
    "color": "#59545c",
    "background": "undying_background.jpg",
    "race": "Humain",
    "skills": [
      {
        "name": "",
        "effect": ""
      }
    ],
    "units": []
  },  {
    "id": 15,
    "name": "Vampire Covenant",
    "icon": "vampire.png",
    "color": "#c85a5a",
    "background": "vampire_background.jpg",
    "race": "Humain",
    "skills": [
      {
        "name": "",
        "effect": ""
      }
    ],
    "units": []
  },  {
    "id": 16,
    "name": "Vermin Swarm",
    "color": "#42663a",
    "background": "vermin_background.jpg",
    "icon": "vermin.png",
    "race": "Humain",
    "skills": [
      {
        "name": "",
        "effect": ""
      }
    ],
    "units": []
  },  {
    "id": 17,
    "name": "Warriors of the Dark Gods",
    "color": "#805e5e",
    "background": "warrior_background.jpg",
    "icon": "warrior.png",
    "race": "Humain",
    "skills": [
      {
        "name": "",
        "effect": ""
      }
    ],
    "units": []
  }
]
